{"cameraMode":{"drawMode":0,"name":"Shaded","section":"Shading Mode"},"sceneLighting":true,"audioPlay":false,"sceneViewState":{"m_AlwaysRefresh":false,"showFog":true,"showSkybox":true,"showFlares":true,"showImageEffects":true,"showParticleSystems":true,"showVisualEffectGraphs":true,"m_FxEnabled":true},"in2DMode":false,"pivot":{"x":-0.14595413208007813,"y":0.2892484664916992,"z":0.1434694528579712},"rotation":{"x":-0.1252257227897644,"y":0.7373844385147095,"z":-0.1424328088760376,"w":-0.6483022570610046},"size":1.4793736934661866,"orthographic":false}