{"cameraMode":{"drawMode":0,"name":"Shaded","section":"Shading Mode"},"sceneLighting":true,"audioPlay":false,"sceneViewState":{"m_AlwaysRefresh":false,"showFog":true,"showSkybox":true,"showFlares":true,"showImageEffects":true,"showParticleSystems":true,"showVisualEffectGraphs":true,"m_FxEnabled":true},"in2DMode":false,"pivot":{"x":265.7838134765625,"y":3.4126434326171877,"z":292.9107666015625},"rotation":{"x":0.11750323325395584,"y":0.5819438099861145,"z":-0.08545911312103272,"w":0.8001499772071838},"size":127.03301239013672,"orthographic":false}